configuration_index,similarities
0,0.9999992251396179
1,0.8712228536605835
2,0.863152801990509
3,0.8519426584243774
4,0.8510068655014038
5,0.8591092228889465
6,0.8553902506828308
7,0.8689559102058411
8,0.8655455708503723
9,0.8643400073051453
10,0.8592929244041443
11,0.8536925315856934
12,0.8612721562385559
13,0.8581082224845886
14,0.8606272339820862
15,0.8758963942527771
16,0.8618034720420837
17,0.8639743328094482
18,0.8570820093154907
19,0.8703001737594604
20,0.8796165585517883
21,0.8720303773880005
22,0.8645628094673157
23,0.8659641742706299
24,0.8702176809310913
25,0.9999992847442627
26,0.8642593026161194
27,0.8541039824485779
28,0.8710201978683472
29,0.869279146194458
30,0.8556161522865295
31,0.8581710457801819
32,0.8688456416130066
33,0.8623515963554382
34,0.8709669709205627
35,0.8632571697235107
36,0.8561630249023438
37,0.8820726871490479
38,0.8707854151725769
39,0.8608797788619995
40,0.8732372522354126
41,0.8725177645683289
42,0.8544468879699707
43,0.8690804243087769
44,0.8620663285255432
45,0.8572330474853516
46,0.873806893825531
47,0.8679524064064026
48,0.8726317286491394
49,0.857262372970581
50,0.8714432716369629
51,0.8607415556907654
52,0.8558666706085205
53,0.8695334792137146
54,0.8759332299232483
55,0.8608872890472412
56,0.8714343309402466
57,0.8642758131027222
58,0.8744887113571167
59,0.8601024150848389
60,0.8675584197044373
61,0.8559322953224182
62,0.8633180260658264
63,0.8579905033111572
64,0.8660494685173035
65,0.8631755113601685
66,0.872613251209259
67,0.8576070070266724
68,0.8654654622077942
69,0.9999991059303284
70,0.8684093952178955
71,0.8643515706062317
72,0.8645115494728088
73,0.8770698308944702
74,0.8558686375617981
75,0.867127001285553
76,0.8600648045539856
77,0.8713952302932739
78,0.8656876683235168
79,0.8739731311798096
80,0.8484430909156799
81,0.8739100098609924
82,0.8526914715766907
83,0.8573974370956421
84,0.85651034116745
85,0.8498636484146118
86,0.8725383877754211
87,0.8782945871353149
88,0.871432363986969
89,0.8653289079666138
90,0.8608973026275635
91,0.8543861508369446
92,0.875885546207428
93,0.8649993538856506
94,0.8712820410728455
95,0.8592807054519653
96,0.8683590292930603
97,0.8653920292854309
98,0.9999992847442627
99,0.8610368967056274
100,0.9999992251396179
101,0.8530157208442688
102,0.8636302947998047
103,0.8747779130935669
104,0.8520380854606628
105,0.8757462501525879
106,0.8601496815681458
107,0.8751276135444641
108,0.8553714752197266
109,0.8682039976119995
110,0.8619773387908936
111,0.8722865581512451
112,0.8700526356697083
113,0.8817890882492065
114,0.8723288774490356
115,0.8818992376327515
116,0.8801899552345276
117,0.8541596531867981
118,0.8639088273048401
119,0.8604415655136108
120,0.8520500659942627
121,0.8655436635017395
122,0.8572883009910583
123,0.8526961803436279
124,0.8637977838516235
125,0.8524506688117981
126,0.8506579995155334
127,0.8616384267807007
128,0.8573502898216248
129,0.8735647201538086
130,0.8495762348175049
131,0.846786618232727
132,0.8661676645278931
133,0.8637601137161255
134,0.8704383969306946
135,0.8463960886001587
136,0.8621698021888733
137,0.8572481870651245
138,0.851423442363739
139,0.8613923192024231
140,0.8623504638671875
141,0.854668378829956
142,0.8720774054527283
143,0.8717213273048401
144,0.9999992251396179
145,0.8590700030326843
146,0.86296147108078
147,0.8819885849952698
148,0.8682284355163574
149,0.8517555594444275
150,0.8709266185760498
151,0.8678892850875854
152,0.8593944311141968
153,0.8659499883651733
154,0.8906223773956299
155,0.8655611872673035
156,0.8658800721168518
157,0.8679388165473938
158,0.8469844460487366
159,0.8598012328147888
160,0.8824284076690674
161,0.8582103252410889
162,0.8603096008300781
163,0.8570497035980225
164,0.8906058073043823
165,0.8645474314689636
166,0.86490398645401
167,0.8649433851242065
168,0.8697142004966736
169,0.8565576076507568
170,0.8792511820793152
171,0.8733101487159729
172,0.8561618328094482
173,0.8718634247779846
174,0.8554735779762268
175,0.8623716235160828
176,0.8663612604141235
177,0.8735811114311218
178,0.897950291633606
179,0.8791103959083557
180,0.8599320650100708
181,0.8473575711250305
182,0.863288402557373
183,0.8548150062561035
184,0.8712044358253479
185,0.856988787651062
186,0.8746457695960999
187,0.8578269481658936
188,0.8510273098945618
189,0.8653321862220764
190,0.8507513999938965
191,0.8614188432693481
192,0.8668974041938782
193,0.8540319204330444
194,0.8484918475151062
195,0.8498818874359131
196,0.8644482493400574
197,0.8660338521003723
198,0.8611631989479065
199,0.8514935970306396
200,0.8648443222045898
201,0.8493061661720276
202,0.863501250743866
203,0.8697436451911926
204,0.8602379560470581
205,0.8636646866798401
206,0.861976146697998
207,0.8673616647720337
208,0.8625759482383728
209,0.8681215643882751
210,0.8638753294944763
211,0.8702215552330017
212,0.8633430600166321
213,0.8645028471946716
214,0.8547348976135254
215,0.8640477657318115
216,0.8584200143814087
217,0.8610069751739502
218,0.8636939525604248
219,0.8763948678970337
220,0.8735446929931641
221,0.8511072397232056
222,0.8695114254951477
223,0.8671798706054688
224,0.87496417760849
225,0.8593034148216248
226,0.8802599906921387
227,0.8576055765151978
228,0.8584664463996887
229,0.8653202652931213
230,0.8770644068717957
231,0.8431941270828247
232,0.8454349040985107
233,0.8521391153335571
234,0.8582097887992859
235,0.870631217956543
236,0.8527745604515076
237,0.8707227110862732
238,0.8578293323516846
239,0.8784899711608887
240,0.865009605884552
241,0.8598683476448059
242,0.8714050054550171
243,0.8661295771598816
244,0.8683449625968933
245,0.8500002026557922
246,0.8643248081207275
247,0.8743759989738464
248,0.863151490688324
249,0.869462251663208
250,0.8588429689407349
251,0.8517802357673645
252,0.8705211877822876
253,0.864633321762085
254,0.8657506108283997
255,0.8799828886985779
256,0.86473149061203
257,0.9999992251396179
258,0.8663154244422913
259,0.852530300617218
260,0.8570929169654846
261,0.8586036562919617
262,0.8639160990715027
263,0.8495311737060547
264,0.8634381294250488
265,0.8520912528038025
266,0.8634746074676514
267,0.8536760210990906
268,0.8561212420463562
269,0.8574310541152954
270,0.8740114569664001
271,0.8687604665756226
272,0.864561915397644
273,0.8515145182609558
274,0.8626744747161865
275,0.8588630557060242
276,0.8692740201950073
277,0.8666711449623108
278,0.8692079186439514
279,0.8717243075370789
280,0.847335934638977
281,0.9999992251396179
282,0.8540228009223938
283,0.8741661906242371
284,0.8834274411201477
285,0.8594167828559875
286,0.870558500289917
287,0.8708356022834778
288,0.8541871905326843
289,0.8680925965309143
290,0.8766526579856873
291,0.9999991059303284
292,0.8858683705329895
293,0.8637449145317078
294,0.8735021352767944
295,0.8691112995147705
296,0.8593104481697083
297,0.8580896258354187
298,0.8696257472038269
299,0.8622202277183533
300,0.8636969327926636
301,0.8531022667884827
302,0.858126699924469
303,0.8576695919036865
304,0.8660508394241333
305,0.855661928653717
306,0.85552978515625
307,0.8567971587181091
308,0.8770932555198669
309,0.8519894480705261
310,0.8506320714950562
311,0.8744635581970215
312,0.8692460060119629
313,0.8619031310081482
314,0.8554399609565735
315,0.8543673753738403
316,0.8505022525787354
317,0.8725072741508484
318,0.8572214245796204
319,0.8540976047515869
320,0.862174391746521
321,0.8480981588363647
322,0.8678330779075623
323,0.8536266088485718
324,0.8632848262786865
325,0.8766065835952759
326,0.8584613800048828
327,0.8630717396736145
328,0.8699312806129456
329,0.8679156303405762
330,0.8550577759742737
331,0.857357919216156
332,0.8718544840812683
333,0.8610140681266785
334,0.8662809729576111
335,0.8660166263580322
336,0.8539959788322449
337,0.8641707897186279
338,0.8730159401893616
339,0.857122540473938
340,0.8582533597946167
341,0.8540048599243164
342,0.8426420092582703
343,0.8650785088539124
344,0.8648054599761963
345,0.8501114845275879
346,0.8610221147537231
347,0.8506658673286438
348,0.860044002532959
349,0.8770832419395447
350,0.8535352349281311
351,0.8538874983787537
352,0.8700175285339355
353,0.8488283753395081
354,0.9999993443489075
355,0.8566523790359497
356,0.8560651540756226
357,0.8628730773925781
358,0.8561068773269653
359,0.8622947931289673
360,0.8687796592712402
361,0.8679569959640503
362,0.8671241402626038
363,0.8576238751411438
364,0.8607925772666931
365,0.8571726083755493
366,0.885006308555603
367,0.9999992251396179
368,0.8650937676429749
369,0.8484252691268921
370,0.8706330060958862
371,0.9999991059303284
372,0.8565839529037476
373,0.8645623326301575
374,0.8543118834495544
375,0.8613024950027466
376,0.8655215501785278
377,0.8644299507141113
378,0.8583067059516907
379,0.8671749234199524
380,0.8434113264083862
381,0.8621678352355957
382,0.8622881770133972
383,0.8696265816688538
384,0.8633861541748047
385,0.8659557700157166
386,0.8646537661552429
387,0.8674684762954712
388,0.8653531074523926
389,0.8575289845466614
390,0.8631507754325867
391,0.8678969144821167
392,0.8681401610374451
393,0.8614035248756409
394,0.8659056425094604
395,0.8631726503372192
396,0.8653437495231628
397,0.8593324422836304
398,0.8588119745254517
399,0.8713773488998413
400,0.8723722100257874
401,0.867119550704956
402,0.8671442270278931
403,0.8560963273048401
404,0.851876974105835
405,0.8715806007385254
406,0.8564990758895874
407,0.8625892400741577
408,0.8691587448120117
409,0.8661677241325378
410,0.8694451451301575
411,0.8544676303863525
412,0.8628039956092834
413,0.8673800826072693
414,0.8615794777870178
415,0.8654620051383972
416,0.8602368831634521
417,0.8593423366546631
418,0.8528244495391846
419,0.8531101942062378
420,0.8663553595542908
421,0.8533161878585815
422,0.8631980419158936
423,0.8664729595184326
424,0.8567796349525452
425,0.8655931949615479
426,0.8648767471313477
427,0.8690059185028076
428,0.8631291389465332
429,0.8723477721214294
430,0.8689393997192383
431,0.8631830215454102
432,0.8585060834884644
433,0.8620470762252808
434,0.8641147017478943
435,0.8547673225402832
436,0.8481166362762451
437,0.8591771721839905
438,0.8653982281684875
439,0.8500804305076599
440,0.855250358581543
441,0.8745735883712769
442,0.8584608435630798
443,0.8561431765556335
444,0.8494028449058533
445,0.8722647428512573
446,0.8752715587615967
447,0.8560069799423218
448,0.8616455793380737
449,0.8680278062820435
450,0.8547763824462891
451,0.8547489643096924
452,0.8595721125602722
453,0.8615845441818237
454,0.8592103123664856
455,0.8641110062599182
456,0.8593503832817078
457,0.8579497337341309
458,0.8675488233566284
459,0.8555281162261963
460,0.8626889586448669
461,0.8668264746665955
462,0.8674827814102173
463,0.8743700981140137
464,0.8586731553077698
465,0.8558457493782043
466,0.8559190630912781
467,0.8620496988296509
468,0.8737632036209106
469,0.858441174030304
470,0.8622671365737915
471,0.8637936115264893
472,0.8646342754364014
473,0.8571157455444336
474,0.8640373945236206
475,0.8618519902229309
476,0.8721398711204529
477,0.8549789190292358
478,0.8636378049850464
479,0.8571493625640869
480,0.8778652548789978
481,0.8593350648880005
482,0.8618504405021667
483,0.8759777545928955
484,0.8597749471664429
485,0.8654825091362
486,0.8812677264213562
487,0.8551057577133179
488,0.8726338148117065
489,0.8666513562202454
490,0.8720611929893494
491,0.8622279763221741
492,0.8604854941368103
493,0.8695748448371887
494,0.8591489195823669
495,0.8773878216743469
496,0.8631830811500549
497,0.8575036525726318
498,0.8671334385871887
499,0.864933431148529
500,0.8690917491912842
501,0.8632976412773132
502,0.8677233457565308
503,0.8598850965499878
504,0.8695785403251648
505,0.8646228909492493
506,0.8702676296234131
507,0.8728633522987366
508,0.8523954153060913
509,0.8615359663963318
510,0.8675505518913269
511,0.8728305101394653
512,0.8619266748428345
513,0.8646249771118164
514,0.8702663779258728
515,0.870395302772522
516,0.8650041818618774
517,0.8634101152420044
518,0.8776143193244934
519,0.8554868698120117
520,0.8671140670776367
521,0.8676650524139404
522,0.8637613654136658
523,0.8683415055274963
524,0.8638921976089478
525,0.8701978921890259
526,0.8560042381286621
527,0.8675391674041748
528,0.8552842140197754
529,0.8646184206008911
530,0.877420961856842
531,0.8861282467842102
532,0.8601705431938171
533,0.862419068813324
534,0.8621101975440979
535,0.8613782525062561
536,0.8633158802986145
537,0.8648688197135925
538,0.8618288636207581
539,0.8611875176429749
540,0.8521356582641602
541,0.8843007683753967
542,0.8524443507194519
543,0.8551357388496399
544,0.8655098676681519
545,0.8724660873413086
546,0.869168758392334
547,0.8724968433380127
548,0.8808993101119995
549,0.8446764945983887
550,0.9999993443489075
551,0.8675193786621094
552,0.8605833053588867
553,0.8657719492912292
554,0.8870557546615601
555,0.8711085915565491
556,0.8611657619476318
557,0.867425799369812
558,0.871606171131134
559,0.8718498945236206
560,0.8678845763206482
561,0.8650863766670227
562,0.878471851348877
563,0.8608742952346802
564,0.8668658137321472
565,0.8585215210914612
566,0.864371120929718
567,0.8711225390434265
568,0.8569831252098083
569,0.871679961681366
570,0.8599063754081726
571,0.8630410432815552
572,0.8545953631401062
573,0.8601818084716797
574,0.8813550472259521
575,0.8661103248596191
576,0.8680990934371948
577,0.8673077821731567
578,0.8746549487113953
579,0.9999991655349731
580,0.856324315071106
581,0.8760064840316772
582,0.8529361486434937
583,0.8604698181152344
584,0.8636825084686279
585,0.8628647923469543
586,0.8660609126091003
587,0.8745152354240417
588,0.8598960638046265
589,0.8648220896720886
590,0.8762633204460144
591,0.8579543232917786
592,0.8651301860809326
593,0.8686389327049255
594,0.852630078792572
595,0.856428861618042
596,0.8662140369415283
597,0.9999990463256836
598,0.8630009889602661
599,0.8740779161453247
600,0.8628913164138794
601,0.862115204334259
602,0.8655252456665039
603,0.8551363945007324
604,0.8605596423149109
605,0.8601806163787842
606,0.8720076680183411
607,0.8733166456222534
608,0.8749246001243591
609,0.8758572936058044
610,0.8722489476203918
611,0.8555862903594971
612,0.8606266975402832
613,0.8726393580436707
614,0.8621857762336731
615,0.8589537739753723
616,0.8657031059265137
617,0.8693563938140869
618,0.8620702028274536
619,0.8597054481506348
620,0.8568282723426819
621,0.8659914135932922
622,0.8723661303520203
623,0.8609296083450317
624,0.8687808513641357
625,0.8803964257240295
626,0.8626638650894165
627,0.8523269295692444
628,0.8621054887771606
629,0.8637604117393494
630,0.8647011518478394
631,0.8706136345863342
632,0.8637132048606873
633,0.8621349334716797
634,0.8596351742744446
635,0.8670833110809326
636,0.8594486713409424
637,0.854686439037323
638,0.8578448295593262
639,0.8666408658027649
640,0.9999992251396179
641,0.8634219765663147
642,0.8655036091804504
643,0.8635652661323547
644,0.8670533299446106
645,0.85775226354599
646,0.8532482385635376
647,0.8609005808830261
648,0.8548030257225037
649,0.8691082000732422
650,0.8602221608161926
651,0.8583420515060425
652,0.8613551259040833
653,0.8599662184715271
654,0.8627116680145264
655,0.8648220300674438
656,0.8641803860664368
657,0.8720943331718445
658,0.858798623085022
659,0.8614294528961182
660,0.868415892124176
661,0.8559081554412842
662,0.8643929362297058
663,0.8599618673324585
664,0.8569947481155396
665,0.8833979964256287
666,0.8657058477401733
667,0.8717319369316101
668,0.854567289352417
669,0.8647828102111816
670,0.8727338910102844
671,0.85936439037323
672,0.8787410855293274
673,0.8623242378234863
674,0.8563583493232727
675,0.8522278666496277
676,0.8726787567138672
677,0.8664555549621582
678,0.8550140261650085
679,0.8569430708885193
680,0.8586367964744568
681,0.8639608025550842
682,0.8567876219749451
683,0.8714315295219421
684,0.8515874743461609
685,0.8798471689224243
686,0.8522854447364807
687,0.8637915849685669
688,0.8573935627937317
689,0.8605717420578003
690,0.86391282081604
691,0.8614065647125244
692,0.8656653761863708
693,0.8594289422035217
694,0.8453801870346069
695,0.881519615650177
696,0.8590325117111206
697,0.8469023704528809
698,0.8565817475318909
699,0.8565564751625061
700,0.8517557978630066
701,0.8538916707038879
702,0.8628457188606262
703,0.8665056824684143
704,0.8506415486335754
705,0.8569875359535217
706,0.8536003232002258
707,0.8512611389160156
708,0.8573233485221863
709,0.8536114692687988
710,0.8703177571296692
711,0.863490641117096
712,0.8598023653030396
713,0.869480311870575
714,0.8575993180274963
715,0.8615531921386719
716,0.8524522185325623
717,0.8620879650115967
718,0.8576959371566772
719,0.8753049373626709
720,0.8599256277084351
721,0.8506498336791992
722,0.8634889721870422
723,0.850669264793396
724,0.8532050848007202
725,0.8785696029663086
726,0.8478853702545166
727,0.8598527312278748
728,0.856914222240448
729,0.8702719807624817
730,0.8588130474090576
731,0.8612837791442871
732,0.8640002012252808
733,0.8620807528495789
734,0.8660181760787964
735,0.8642960786819458
736,0.854219377040863
737,0.8551838994026184
738,0.9999991655349731
739,0.8628291487693787
740,0.8691496253013611
741,0.8568169474601746
742,0.8661123514175415
743,0.8650709986686707
744,0.8533148169517517
745,0.8713405728340149
746,0.8581507802009583
747,0.8727491497993469
748,0.8766482472419739
749,0.8545078635215759
750,0.8639740347862244
751,0.86625075340271
752,0.8609387278556824
753,0.857138454914093
754,0.8566092252731323
755,0.8786064982414246
756,0.854850709438324
757,0.8744595646858215
758,0.8642849922180176
759,0.8523560166358948
760,0.861980676651001
761,0.8728727102279663
762,0.8751041293144226
763,0.8652730584144592
764,0.8556966185569763
765,0.8734986782073975
766,0.8674174547195435
767,0.8499078750610352
768,0.8586418032646179
769,0.9999992251396179
770,0.8641809225082397
771,0.8471599817276001
772,0.852451741695404
773,0.8631448745727539
774,0.8565546274185181
775,0.8592715859413147
776,0.8720045685768127
777,0.8611311912536621
778,0.863166868686676
779,0.8624239563941956
780,0.8737849593162537
781,0.9999993443489075
782,0.864248514175415
783,0.8706629872322083
784,0.8487634658813477
785,0.8591751456260681
786,0.8606313467025757
787,0.8567220568656921
788,0.8580222725868225
789,0.8641236424446106
790,0.8671665191650391
791,0.8603804111480713
792,0.853305995464325
793,0.8606495261192322
794,0.8731430768966675
795,0.8581094145774841
796,0.8636791110038757
797,0.858030378818512
798,0.8548469543457031
799,0.858089029788971
800,0.8554987907409668
801,0.8625293374061584
802,0.8688920736312866
803,0.8628258109092712
804,0.8485429286956787
805,0.8566011190414429
806,0.8592866063117981
807,0.8764089345932007
808,0.8637038469314575
809,0.8602358102798462
810,0.8662604093551636
811,0.8682320713996887
812,0.8732808232307434
813,0.864981472492218
814,0.8701346516609192
815,0.9999992847442627
816,0.8653374314308167
817,0.8728936910629272
818,0.8554965257644653
819,0.8788012862205505
820,0.863044798374176
821,0.8663101196289062
822,0.858776867389679
823,0.8539910316467285
824,0.8680205941200256
825,0.8668786883354187
826,0.8619480729103088
827,0.851047933101654
828,0.8558511734008789
829,0.8516719341278076
830,0.8639538884162903
831,0.8485498428344727
832,0.8702274560928345
833,0.8696220517158508
834,0.8574299812316895
835,0.8529828190803528
836,0.8644580245018005
837,0.8632284998893738
838,0.8682421445846558
839,0.872793972492218
840,0.8764277696609497
841,0.8515512943267822
842,0.8533030152320862
843,0.8710112571716309
844,0.8605103492736816
845,0.8707754015922546
846,0.8457863330841064
847,0.8589552044868469
848,0.8677831888198853
849,0.8495731949806213
850,0.8614146709442139
851,0.863309383392334
852,0.8469099998474121
853,0.8546686768531799
854,0.8777086138725281
855,0.8518689274787903
856,0.8525413870811462
857,0.8604059815406799
858,0.8584345579147339
859,0.8648316264152527
860,0.8641912937164307
861,0.8560571670532227
862,0.8585174679756165
863,0.8531991243362427
864,0.9999991655349731
865,0.853412926197052
866,0.8551704287528992
867,0.86388099193573
868,0.9999991655349731
869,0.8574444055557251
870,0.8582172989845276
871,0.8646669983863831
872,0.8660895824432373
873,0.8591393232345581
874,0.8553965091705322
875,0.8682711124420166
876,0.8827778100967407
877,0.8669872879981995
878,0.8657022714614868
879,0.8624115586280823
880,0.8760581612586975
881,0.8560107946395874
882,0.8657988905906677
883,0.8492016792297363
884,0.8696629405021667
885,0.8578144311904907
886,0.859150767326355
887,0.9999992251396179
888,0.8740382194519043
889,0.8655393123626709
890,0.8553698658943176
891,0.8587706685066223
892,0.8639036417007446
893,0.8714777231216431
894,0.8607305884361267
895,0.8644879460334778
896,0.8661526441574097
897,0.8451902270317078
898,0.8721370100975037
899,0.8693553805351257
900,0.8626217246055603
901,0.8556498885154724
902,0.8581840395927429
903,0.8714975118637085
904,0.8674129843711853
905,0.8569667339324951
906,0.8546439409255981
907,0.8608644008636475
908,0.8659820556640625
909,0.8573021292686462
910,0.8644664287567139
911,0.8684108853340149
912,0.8523180484771729
913,0.8643050193786621
914,0.8577624559402466
915,0.9999992251396179
916,0.8553324937820435
917,0.851246178150177
918,0.8607697486877441
919,0.8668504357337952
920,0.8624804615974426
921,0.9999992251396179
922,0.8564272522926331
923,0.8561385869979858
924,0.8565542697906494
925,0.8440477252006531
926,0.8610392808914185
927,0.9999991655349731
928,0.8476575613021851
929,0.8676837682723999
930,0.8572180867195129
931,0.862911581993103
932,0.8608769178390503
933,0.8595685958862305
934,0.8659346699714661
935,0.8453392386436462
936,0.8693054914474487
937,0.8589140176773071
938,0.8635947704315186
939,0.8535888195037842
940,0.8570374250411987
941,0.8641301989555359
942,0.8546447157859802
943,0.8590424656867981
944,0.9999992251396179
945,0.8473078012466431
946,0.9999992251396179
947,0.8604363799095154
948,0.865964412689209
949,0.8628920912742615
950,0.8573130369186401
951,0.8546924591064453
952,0.8707035779953003
953,0.8692342638969421
954,0.8498467206954956
955,0.8579467535018921
956,0.8612394332885742
957,0.8601011633872986
958,0.8517648577690125
959,0.8487915396690369
960,0.8643530607223511
961,0.8604133725166321
962,0.861497163772583
963,0.8433487415313721
964,0.8472604751586914
965,0.8550735712051392
966,0.8565011024475098
967,0.8610780835151672
968,0.8665449619293213
969,0.8510712385177612
970,0.862720787525177
971,0.8674100041389465
972,0.8518654108047485
973,0.8706928491592407
974,0.8579301238059998
975,0.8568683862686157
976,0.8603435158729553
977,0.8493056297302246
978,0.8550083637237549
979,0.8737449049949646
980,0.8684148192405701
981,0.8583596348762512
982,0.8616369962692261
983,0.8704938888549805
984,0.8623377084732056
985,0.8476448059082031
986,0.843258261680603
987,0.8682073950767517
988,0.8641576170921326
989,0.8574681878089905
990,0.8703006505966187
991,0.8583394885063171
992,0.8529692888259888
993,0.8675997853279114
994,0.8599594235420227
995,0.8619466423988342
996,0.8608902096748352
997,0.8613091111183167
998,0.8565710783004761
999,0.8588956594467163
1000,0.859071671962738
1001,0.8576493263244629
1002,0.8700273036956787
1003,0.8660040497779846
1004,0.8689342737197876
1005,0.8525562286376953
1006,0.8553090691566467
1007,0.8562378287315369
1008,0.8610659241676331
1009,0.8551070094108582
1010,0.8642847537994385
1011,0.8478546142578125
1012,0.8705862164497375
1013,0.863284707069397
1014,0.8614718317985535
1015,0.8506772518157959
1016,0.8499845266342163
1017,0.9999993443489075
1018,0.84859699010849
1019,0.8706672787666321
1020,0.8783572912216187
1021,0.8546220064163208
1022,0.8607420325279236
1023,0.861516535282135
1024,0.8469949960708618
1025,0.8580169677734375
1026,0.857948362827301
1027,0.8692976236343384
1028,0.8726828098297119
1029,0.8600355386734009
1030,0.8749625086784363
1031,0.8610998392105103
1032,0.8460872769355774
1033,0.8600588440895081
1034,0.8644271492958069
1035,0.8675386309623718
1036,0.855968177318573
1037,0.8631229996681213
1038,0.8663473129272461
1039,0.8620313405990601
1040,0.8637556433677673
1041,0.8701549768447876
1042,0.8546749949455261
1043,0.8647756576538086
1044,0.8504624962806702
1045,0.8542476296424866
1046,0.8625539541244507
1047,0.8510780334472656
1048,0.8558043241500854
1049,0.8627721071243286
1050,0.8652092218399048
1051,0.8587608933448792
1052,0.8614610433578491
1053,0.8488998413085938
1054,0.8617311120033264
1055,0.8565091490745544
1056,0.8731740713119507
1057,0.8506670594215393
1058,0.8631682395935059
1059,0.8541280627250671
1060,0.8618771433830261
1061,0.8657467365264893
1062,0.862201988697052
1063,0.8601706027984619
1064,0.8640464544296265
1065,0.8652583956718445
1066,0.8472945094108582
1067,0.8694588541984558
1068,0.8565962314605713
1069,0.874984085559845
1070,0.8437713384628296
1071,0.8666669130325317
1072,0.8604575395584106
1073,0.865198016166687
1074,0.866479218006134
1075,0.8521973490715027
1076,0.8490533828735352
1077,0.8738884329795837
1078,0.8504078984260559
1079,0.8669804930686951
1080,0.8541250228881836
1081,0.8701053857803345
1082,0.8544520735740662
1083,0.860795259475708
1084,0.8606546521186829
1085,0.8491174578666687
1086,0.9999991655349731
1087,0.8527693152427673
1088,0.8593510389328003
1089,0.8545889854431152
1090,0.8609476089477539
1091,0.8622221350669861
1092,0.8558289408683777
1093,0.8625627160072327
1094,0.8620258569717407
1095,0.863183856010437
1096,0.8545125126838684
1097,0.8545752763748169
1098,0.8694739937782288
1099,0.8583698868751526
1100,0.8694021105766296
1101,0.866527259349823
1102,0.872769296169281
1103,0.8672878742218018
1104,0.8677874207496643
1105,0.8661778569221497
1106,0.8648468852043152
1107,0.8655256032943726
1108,0.8592429161071777
1109,0.8497833609580994
1110,0.85187828540802
1111,0.8500156998634338
1112,0.856038510799408
1113,0.8537932634353638
1114,0.8689481616020203
1115,0.8529298305511475
1116,0.8625501990318298
1117,0.8478740453720093
1118,0.8595864772796631
1119,0.8783285617828369
1120,0.860668957233429
1121,0.8685375452041626
1122,0.8503813743591309
1123,0.8627861738204956
1124,0.8685533404350281
1125,0.8612885475158691
1126,0.8652033805847168
1127,0.8567543029785156
1128,0.8595496416091919
1129,0.8691970705986023
1130,0.862667977809906
1131,0.8614478707313538
1132,0.8656759262084961
1133,0.8705223202705383
1134,0.8650805354118347
1135,0.8541889786720276
1136,0.8564671277999878
1137,0.8643245100975037
1138,0.8622555136680603
1139,0.8544273972511292
1140,0.8539955615997314
1141,0.8599485158920288
1142,0.8495672941207886
1143,0.8569470047950745
1144,0.8593147993087769
1145,0.8554776906967163
1146,0.8730326294898987
1147,0.8531936407089233
1148,0.8530402779579163
1149,0.8628751039505005
1150,0.8694643378257751
1151,0.8668479323387146
1152,0.9999991059303284
1153,0.8628730177879333
1154,0.8429653644561768
1155,0.8648179769515991
1156,0.8575420379638672
1157,0.8718722462654114
1158,0.8678216338157654
1159,0.8506072759628296
1160,0.8555035591125488
1161,0.8572744131088257
1162,0.8595572710037231
1163,0.8526940941810608
1164,0.8520601391792297
1165,0.858715295791626
1166,0.8529446721076965
1167,0.8457397818565369
1168,0.8756026029586792
1169,0.8629388809204102
1170,0.8554492592811584
1171,0.852538526058197
1172,0.8603329062461853
1173,0.864470362663269
1174,0.8587023615837097
1175,0.8620301485061646
1176,0.8558382391929626
1177,0.8549079895019531
1178,0.8723539710044861
1179,0.8586623072624207
1180,0.8529059290885925
1181,0.8595729470252991
1182,0.860486626625061
1183,0.8587445616722107
1184,0.8614789843559265
1185,0.8445113301277161
1186,0.8600639700889587
1187,0.8608419895172119
1188,0.8552024960517883
1189,0.8600541353225708
1190,0.9999992251396179
1191,0.8616474270820618
1192,0.8585923910140991
1193,0.8574649095535278
1194,0.8582720160484314
1195,0.8601013422012329
1196,0.8576891422271729
1197,0.8635748624801636
1198,0.8627063035964966
1199,0.8642570376396179
1200,0.8583282232284546
1201,0.872393786907196
1202,0.8661409616470337
1203,0.8519015908241272
1204,0.8616296648979187
1205,0.8597310185432434
1206,0.8601653575897217
1207,0.8741214275360107
1208,0.8625131845474243
1209,0.8551981449127197
1210,0.8504272699356079
1211,0.8621940612792969
1212,0.8661426305770874
1213,0.8652893900871277
1214,0.855706512928009
1215,0.8487167954444885
1216,0.8658810257911682
1217,0.8652310371398926
1218,0.8604633212089539
1219,0.8633842468261719
1220,0.8652181625366211
1221,0.8515602350234985
1222,0.8686466217041016
1223,0.8631415367126465
1224,0.8528608083724976
1225,0.8665838241577148
1226,0.8703148365020752
1227,0.8669875264167786
1228,0.8499581217765808
1229,0.8646106123924255
1230,0.8813821077346802
1231,0.8789023160934448
1232,0.8731411099433899
1233,0.864109456539154
1234,0.8631962537765503
1235,0.8796386122703552
1236,0.867628276348114
1237,0.8566274642944336
1238,0.8560385704040527
1239,0.8615884184837341
1240,0.8646289110183716
1241,0.8491499423980713
1242,0.8655816912651062
1243,0.8637462854385376
1244,0.8767307996749878
1245,0.8554887771606445
1246,0.8540823459625244
1247,0.8470891714096069
1248,0.8664708733558655
1249,0.8624786138534546
1250,0.8503058552742004
1251,0.8616236448287964
1252,0.869369626045227
1253,0.8582817912101746
1254,0.8520699739456177
1255,0.8555145859718323
1256,0.858651876449585
1257,0.869818925857544
1258,0.8513603806495667
1259,0.865838885307312
1260,0.8878065943717957
1261,0.8600265979766846
1262,0.8784623146057129
1263,0.8645358681678772
1264,0.8525048494338989
1265,0.8494971394538879
1266,0.855114221572876
1267,0.8586176037788391
1268,0.8603305220603943
1269,0.848295271396637
1270,0.8551087975502014
1271,0.8718982338905334
1272,0.8597247004508972
1273,0.8694668412208557
1274,0.8530434370040894
1275,0.8507749438285828
1276,0.8595045804977417
1277,0.8562496304512024
1278,0.8633856177330017
1279,0.8749967813491821
1280,0.8532508611679077
1281,0.8587039113044739
1282,0.8664264678955078
1283,0.8586246371269226
1284,0.8646060228347778
1285,0.8578506112098694
1286,0.8666360378265381
1287,0.8521651029586792
1288,0.843487024307251
1289,0.8701018691062927
1290,0.8613451719284058
1291,0.8576701879501343
1292,0.8660980463027954
1293,0.8612329363822937
1294,0.8586046695709229
1295,0.8536123037338257
1296,0.8613191843032837
1297,0.8484229445457458
1298,0.8584210872650146
1299,0.8571492433547974
1300,0.8638646602630615
1301,0.855615496635437
1302,0.8624570965766907
1303,0.8568289279937744
1304,0.8655869364738464
1305,0.8531175255775452
1306,0.8605161309242249
1307,0.8614516258239746
1308,0.8665263652801514
1309,0.8550151586532593
1310,0.8670609593391418
1311,0.8734530806541443
1312,0.8612695336341858
1313,0.857465386390686
1314,0.8710773587226868
1315,0.8553093671798706
1316,0.8549714684486389
1317,0.8632598519325256
1318,0.9999992847442627
1319,0.8677011132240295
1320,0.869803249835968
1321,0.8737862706184387
1322,0.8605036735534668
1323,0.8555226922035217
1324,0.8596236109733582
1325,0.8648819327354431
1326,0.855802059173584
1327,0.8732291460037231
1328,0.8719692230224609
1329,0.8554893732070923
1330,0.8458232283592224
1331,0.8735601902008057
1332,0.866621732711792
1333,0.8634073734283447
1334,0.8642882704734802
1335,0.8693466186523438
1336,0.8696108460426331
1337,0.8653663992881775
1338,0.8648473024368286
1339,0.8692103028297424
1340,0.8701449036598206
1341,0.8684449195861816
1342,0.8583414554595947
1343,0.8675885796546936
1344,0.861078679561615
1345,0.8580752015113831
1346,0.8529961705207825
1347,0.8690896034240723
1348,0.8533589839935303
1349,0.8599367737770081
1350,0.8653587698936462
1351,0.866066038608551
1352,0.8633244037628174
1353,0.9999992847442627
1354,0.8604127168655396
1355,0.8581693768501282
1356,0.8693738579750061
1357,0.8654657006263733
1358,0.863329291343689
1359,0.8689497113227844
1360,0.862835705280304
1361,0.8616908192634583
1362,0.8595236539840698
1363,0.8489874005317688
1364,0.8640480041503906
1365,0.8642585873603821
1366,0.8613342642784119
1367,0.8500120043754578
1368,0.8559346199035645
1369,0.866119921207428
1370,0.9999992251396179
1371,0.8564572930335999
1372,0.8537941575050354
1373,0.8807749152183533
1374,0.8656172156333923
1375,0.8517201542854309
1376,0.8598990440368652
1377,0.8719549179077148
1378,0.8616480231285095
1379,0.8533257246017456
1380,0.8758605718612671
1381,0.8789672255516052
1382,0.871990978717804
1383,0.8553436994552612
1384,0.8634271025657654
1385,0.8670197129249573
1386,0.8497457504272461
1387,0.8669230937957764
1388,0.8872475028038025
1389,0.866548478603363
1390,0.8612054586410522
1391,0.8755813837051392
1392,0.8594750761985779
1393,0.8596505522727966
1394,0.8748937249183655
1395,0.8892090320587158
1396,0.8652302622795105
1397,0.866285502910614
1398,0.854145348072052
1399,0.8662090301513672
1400,0.8634300827980042
1401,0.8716520667076111
1402,0.8531147241592407
1403,0.8712488412857056
1404,0.8544490933418274
1405,0.8699390292167664
1406,0.8611978888511658
1407,0.8596784472465515
1408,0.8567004203796387
1409,0.8587201833724976
1410,0.8545623421669006
1411,0.865079402923584
1412,0.8503171801567078
1413,0.8588181138038635
1414,0.8622029423713684
1415,0.8592648506164551
1416,0.8664573431015015
1417,0.8643224835395813
1418,0.8649970889091492
1419,0.855955958366394
1420,0.8593147993087769
1421,0.864120364189148
1422,0.8665497303009033
1423,0.8722874522209167
1424,0.8529458045959473
1425,0.8605388402938843
1426,0.8520391583442688
1427,0.8521764278411865
1428,0.8637084364891052
1429,0.8684141039848328
1430,0.8503314256668091
1431,0.9999993443489075
1432,0.8680079579353333
1433,0.8752370476722717
1434,0.860019326210022
1435,0.8558565974235535
1436,0.856205940246582
1437,0.8846703767776489
1438,0.8589379191398621
1439,0.8715922236442566
1440,0.8481526374816895
1441,0.8514539003372192
1442,0.8711639642715454
1443,0.8586424589157104
1444,0.8699762225151062
1445,0.8639637231826782
1446,0.8478594422340393
1447,0.8488830924034119
1448,0.8642278909683228
1449,0.8690111637115479
1450,0.8731855154037476
1451,0.8525395393371582
1452,0.8504943251609802
1453,0.9999992251396179
1454,0.8657087087631226
1455,0.9999991655349731
1456,0.8679994344711304
1457,0.8556663990020752
1458,0.8540350198745728
1459,0.8627715110778809
1460,0.8747599720954895
1461,0.8589776158332825
1462,0.8651129007339478
1463,0.8618411421775818
1464,0.8689618706703186
1465,0.865300714969635
1466,0.8703934550285339
1467,0.8654033541679382
1468,0.8636631369590759
1469,0.8585074543952942
1470,0.8568353652954102
1471,0.8593550324440002
1472,0.8580225706100464
1473,0.8594438433647156
1474,0.8568834066390991
1475,0.8580896258354187
1476,0.8510453701019287
1477,0.8604045510292053
1478,0.8616003394126892
1479,0.8639708757400513
1480,0.8558314442634583
1481,0.8842523097991943
1482,0.8595759868621826
1483,0.8555678725242615
1484,0.8493388295173645
1485,0.8607575297355652
1486,0.8517502546310425
1487,0.8571141362190247
1488,0.8639804124832153
1489,0.8566119074821472
1490,0.8703061938285828
1491,0.85894376039505
1492,0.8474913239479065
1493,0.8576033115386963
1494,0.9999989867210388
1495,0.8617998957633972
1496,0.8536523580551147
1497,0.8528549671173096
1498,0.8692756295204163
1499,0.8491531014442444
1500,0.8603615164756775
1501,0.8625772595405579
1502,0.8603956699371338
1503,0.8615528345108032
1504,0.8755056858062744
1505,0.8522046804428101
1506,0.8743411898612976
1507,0.8592369556427002
1508,0.857850193977356
1509,0.8787393569946289
1510,0.8574038743972778
1511,0.8550538420677185
1512,0.8656460642814636
1513,0.8599777817726135
1514,0.8618837594985962
1515,0.858834981918335
1516,0.8598310351371765
1517,0.858107328414917
1518,0.8649079203605652
1519,0.8631401062011719
1520,0.8462204933166504
1521,0.8546836376190186
1522,0.9999991059303284
1523,0.8798593878746033
1524,0.8586277961730957
1525,0.8529244661331177
1526,0.8584952354431152
1527,0.8575018048286438
1528,0.8577845692634583
1529,0.8647227883338928
1530,0.8684105277061462
1531,0.8472528457641602
1532,0.8558214902877808
1533,0.8579095602035522
1534,0.8761138319969177
1535,0.8616842031478882
1536,0.8753275871276855
1537,0.8665060997009277
1538,0.85297030210495
1539,0.8584148287773132
1540,0.8508245944976807
1541,0.8701226115226746
1542,0.8571918606758118
1543,0.8579944968223572
1544,0.8578402996063232
1545,0.8729315400123596
1546,0.8675503134727478
1547,0.8585762977600098
1548,0.9999990463256836
1549,0.8578314781188965
1550,0.8599451184272766
1551,0.8553573489189148
1552,0.8687912821769714
1553,0.8875467777252197
1554,0.8771232962608337
1555,0.8581811189651489
1556,0.8632128834724426
1557,0.8548223376274109
1558,0.8582596182823181
1559,0.8612370491027832
1560,0.861441969871521
1561,0.8529506921768188
1562,0.8685308694839478
1563,0.8612182140350342
1564,0.860672652721405
1565,0.8612040281295776
1566,0.8614076972007751
1567,0.8542854189872742
1568,0.8649829626083374
1569,0.8530405163764954
1570,0.8731858134269714
1571,0.8653745055198669
1572,0.8649877905845642
1573,0.8552626371383667
1574,0.8623249530792236
1575,0.8588148355484009
1576,0.8686105608940125
1577,0.8473467826843262
1578,0.8620055317878723
1579,0.8618357181549072
1580,0.8571414947509766
1581,0.8611756563186646
1582,0.8762192726135254
1583,0.8539817929267883
1584,0.8547763228416443
1585,0.8600884079933167
1586,0.8652637004852295
1587,0.8625736832618713
1588,0.8561089634895325
1589,0.8627700209617615
1590,0.8603247404098511
1591,0.859865665435791
1592,0.8664201498031616
1593,0.8635909557342529
1594,0.8679125308990479
1595,0.8605830669403076
1596,0.864486038684845
1597,0.8575729131698608
1598,0.866240918636322
1599,0.8682385683059692
1600,0.8549013137817383
1601,0.8587000966072083
1602,0.8439277410507202
1603,0.8541081547737122
1604,0.8552958369255066
1605,0.8730130791664124
1606,0.8493323922157288
1607,0.8532463908195496
1608,0.878815770149231
1609,0.8765383958816528
1610,0.860834002494812
1611,0.86980801820755
1612,0.8646380305290222
1613,0.8546961545944214
1614,0.8633145093917847
1615,0.8588516116142273
1616,0.8622550368309021
1617,0.8526971340179443
1618,0.8585899472236633
1619,0.8593618869781494
1620,0.8825358748435974
1621,0.8612245917320251
1622,0.8623332977294922
1623,0.8561296463012695
1624,0.8593671917915344
1625,0.8654845356941223
1626,0.8528349995613098
1627,0.8662102222442627
1628,0.8609300255775452
1629,0.8661497235298157
1630,0.8835927248001099
1631,0.8782447576522827
1632,0.886722207069397
1633,0.8578925728797913
1634,0.874886691570282
1635,0.8567119836807251
1636,0.8565158843994141
1637,0.863966703414917
1638,0.8637184500694275
1639,0.8566042184829712
1640,0.8718386888504028
1641,0.8687460422515869
1642,0.8673844933509827
1643,0.87534099817276
1644,0.862402081489563
1645,0.851826548576355
1646,0.8703996539115906
1647,0.8705430030822754
1648,0.8704769015312195
1649,0.8550518155097961
1650,0.8768198490142822
1651,0.8733102679252625
1652,0.865345299243927
1653,0.8482320308685303
1654,0.8610833287239075
1655,0.8522847890853882
1656,0.8710280656814575
1657,0.8633359670639038
1658,0.8713058829307556
1659,0.8618561029434204
1660,0.8807016611099243
1661,0.8643731474876404
1662,0.8760096430778503
1663,0.8668293356895447
1664,0.8513245582580566
1665,0.863666832447052
1666,0.8543583750724792
1667,0.8578572273254395
1668,0.8541345000267029
1669,0.8618132472038269
1670,0.8690577745437622
1671,0.860848605632782
1672,0.8662835359573364
1673,0.8550695776939392
1674,0.8647238612174988
1675,0.852306067943573
1676,0.8524547219276428
1677,0.8690588474273682
1678,0.8510525822639465
1679,0.8652724027633667
1680,0.8609749674797058
1681,0.8590365648269653
1682,0.8670127391815186
1683,0.8574572801589966
1684,0.8499987125396729
1685,0.8607094883918762
1686,0.865513265132904
1687,0.8739942908287048
1688,0.8484789729118347
1689,0.9999992847442627
1690,0.8640041947364807
1691,0.8596176505088806
1692,0.8627703785896301
1693,0.8649014234542847
1694,0.8607165813446045
1695,0.8659632802009583
1696,0.8617042899131775
1697,0.8652719855308533
1698,0.8759579062461853
1699,0.854916512966156
1700,0.8556823134422302
1701,0.8685650825500488
1702,0.8604760766029358
1703,0.8583380579948425
1704,0.8685374855995178
1705,0.8593932390213013
1706,0.8581319451332092
1707,0.8721460700035095
1708,0.8756415247917175
1709,0.8595900535583496
1710,0.8650805354118347
1711,0.8711289167404175
1712,0.8642033338546753
1713,0.8556798100471497
1714,0.8632687330245972
1715,0.8595433831214905
1716,0.8630637526512146
1717,0.861980140209198
1718,0.863052248954773
1719,0.8638964295387268
1720,0.8610372543334961
1721,0.8541364669799805
1722,0.8617488145828247
1723,0.8544464111328125
1724,0.8543643355369568
1725,0.8607037663459778
1726,0.8591047525405884
1727,0.8514617085456848
1728,0.8574679493904114
1729,0.8673362731933594
1730,0.8536795377731323
1731,0.8575980067253113
1732,0.8571522831916809
1733,0.8542500138282776
1734,0.8545545339584351
1735,0.8516422510147095
1736,0.8507223725318909
1737,0.8606272339820862
1738,0.8604626059532166
1739,0.8670667409896851
1740,0.8620349764823914
1741,0.8514363169670105
1742,0.8520476222038269
1743,0.8554751873016357
1744,0.8776206374168396
1745,0.8580385446548462
1746,0.8648868799209595
1747,0.9999991059303284
1748,0.8595716953277588
1749,0.8842933177947998
1750,0.8690661787986755
1751,0.8563123345375061
1752,0.8495670557022095
1753,0.8499351143836975
1754,0.8462134599685669
1755,0.8613275289535522
1756,0.8595194220542908
1757,0.8636493682861328
1758,0.8446424603462219
1759,0.8505586981773376
1760,0.8533875942230225
1761,0.8731400966644287
1762,0.8502429127693176
1763,0.9999992251396179
1764,0.8633708357810974
1765,0.8545545935630798
1766,0.8682753443717957
1767,0.8518950343132019
1768,0.8589897155761719
1769,0.8632579445838928
1770,0.8657069206237793
1771,0.8644612431526184
1772,0.85756516456604
1773,0.8477562069892883
1774,0.8575345277786255
1775,0.8552373647689819
1776,0.8576785326004028
1777,0.8608343601226807
1778,0.8610777854919434
1779,0.8546521067619324
1780,0.8667556047439575
1781,0.8605390787124634
1782,0.8487235903739929
1783,0.8470879197120667
1784,0.8595051169395447
1785,0.8514386415481567
1786,0.8594416975975037
1787,0.8696685433387756
1788,0.8591588139533997
1789,0.8564320206642151
1790,0.8535811305046082
1791,0.8519004583358765
1792,0.861803412437439
1793,0.8606511950492859
1794,0.8669152855873108
1795,0.8691163063049316
1796,0.861311674118042
1797,0.8636888861656189
1798,0.8627296090126038
1799,0.8699203133583069
1800,0.8668172359466553
1801,0.851958155632019
1802,0.8629851341247559
1803,0.8606484532356262
1804,0.8587788343429565
1805,0.8594527244567871
1806,0.8618423938751221
1807,0.8647803664207458
1808,0.879417359828949
1809,0.8649544715881348
1810,0.8710297346115112
1811,0.865053117275238
1812,0.8532201051712036
1813,0.8618658185005188
1814,0.8500527143478394
1815,0.8486487865447998
1816,0.8610010743141174
1817,0.8618865013122559
1818,0.8682318329811096
1819,0.8597725629806519
1820,0.8641235828399658
1821,0.8717751502990723
1822,0.8615025877952576
1823,0.8581006526947021
1824,0.8740590810775757
1825,0.8636382222175598
1826,0.8480893969535828
1827,0.8494599461555481
1828,0.8623042702674866
1829,0.8566123843193054
1830,0.8787440061569214
1831,0.8514218330383301
1832,0.8591676354408264
1833,0.8464029431343079
1834,0.861671507358551
1835,0.8575728535652161
1836,0.8671653866767883
1837,0.8792626857757568
1838,0.8550695180892944
1839,0.8474032878875732
1840,0.8637025356292725
1841,0.8560994267463684
1842,0.8643020987510681
1843,0.8809263110160828
1844,0.8637192249298096
1845,0.8675733804702759
1846,0.8699600100517273
1847,0.8703473806381226
1848,0.8757737874984741
1849,0.8824232220649719
1850,0.8862727284431458
1851,0.8492226004600525
1852,0.8847618699073792
1853,0.8549835085868835
1854,0.8688187003135681
1855,0.8592256307601929
1856,0.8623747825622559
1857,0.8730643391609192
1858,0.9999993443489075
1859,0.8651889562606812
1860,0.858572781085968
1861,0.8651359677314758
1862,0.8639615774154663
1863,0.8558943867683411
1864,0.8697500228881836
1865,0.8680583238601685
1866,0.8574201464653015
1867,0.8736538290977478
1868,0.8839865922927856
1869,0.8575835824012756
1870,0.8561939001083374
1871,0.8593008518218994
1872,0.8627118468284607
1873,0.8595468997955322
1874,0.8621883392333984
1875,0.8835247755050659
1876,0.8914557099342346
1877,0.8660802245140076
1878,0.8678986430168152
1879,0.8685173988342285
1880,0.8610018491744995
1881,0.8460063338279724
1882,0.8530924320220947
1883,0.8522171378135681
1884,0.850097119808197
1885,0.8711459636688232
1886,0.846957266330719
1887,0.8676311373710632
1888,0.9999992847442627
1889,0.8455767035484314
1890,0.860634982585907
1891,0.853635311126709
1892,0.8575695753097534
1893,0.8624440431594849
1894,0.8586584329605103
1895,0.8642728924751282
1896,0.8698117136955261
1897,0.859070897102356
1898,0.8483259677886963
1899,0.8473860025405884
1900,0.8641363978385925
1901,0.8606029748916626
1902,0.8793742656707764
1903,0.8700194954872131
1904,0.8661634922027588
1905,0.8494948744773865
1906,0.8557088375091553
1907,0.8616915345191956
1908,0.8656499981880188
1909,0.8570688366889954
1910,0.8530219197273254
1911,0.8634483814239502
1912,0.8659713864326477
1913,0.8771806359291077
1914,0.8540940880775452
1915,0.8689439296722412
1916,0.8450296521186829
1917,0.8565424084663391
1918,0.8625638484954834
1919,0.8614667654037476
1920,0.8583698272705078
1921,0.8712430596351624
1922,0.8547570109367371
1923,0.868052065372467
1924,0.8583522439002991
1925,0.8579915761947632
1926,0.8597224354743958
1927,0.8744211792945862
1928,0.8675293922424316
1929,0.9999991059303284
1930,0.8504257202148438
1931,0.8575087189674377
1932,0.8538000583648682
1933,0.8563862442970276
1934,0.8502275347709656
1935,0.8710358738899231
1936,0.8641713857650757
1937,0.8584275245666504
1938,0.8654415607452393
1939,0.8680536150932312
1940,0.858366847038269
1941,0.8549641966819763
1942,0.854705810546875
1943,0.8659451007843018
1944,0.8847899436950684
1945,0.848521888256073
1946,0.8701667785644531
1947,0.8697253465652466
1948,0.9999992251396179
1949,0.8596397638320923
1950,0.8538548946380615
1951,0.8482640981674194
1952,0.851218581199646
1953,0.8528673052787781
1954,0.8820892572402954
1955,0.8577703237533569
1956,0.8598848581314087
1957,0.9999992847442627
1958,0.860012948513031
1959,0.8556748628616333
1960,0.865257203578949
1961,0.8712002038955688
1962,0.8504723310470581
1963,0.8519999980926514
1964,0.8541828393936157
1965,0.8912935256958008
1966,0.8791251182556152
1967,0.8641147613525391
1968,0.8677442669868469
1969,0.854705274105072
1970,0.874595582485199
1971,0.86408531665802
1972,0.8546231985092163
1973,0.8686137795448303
1974,0.8607105016708374
1975,0.8641282320022583
1976,0.8594405651092529
1977,0.8566967248916626
1978,0.8705194592475891
1979,0.844962477684021
1980,0.8747591376304626
1981,0.8612061142921448
1982,0.8668869733810425
1983,0.8624365329742432
1984,0.8616677522659302
1985,0.8569756150245667
1986,0.8682023286819458
1987,0.8662201166152954
1988,0.8432885408401489
1989,0.8599838018417358
1990,0.8613073229789734
1991,0.8693161010742188
1992,0.8631308674812317
1993,0.8605377674102783
1994,0.8543682098388672
1995,0.8567298650741577
1996,0.869514524936676
1997,0.857112467288971
1998,0.861643373966217
1999,0.8653314113616943
2000,0.8490123152732849
